Token;English;Russian;German;Spanish;Czech;Dutch;French;Japanese;Korean;Polish;Portuguese_Brazilian;Turkish;Ukrainian;Chinese;Chinese_Trad;Swedish;Italian;Romanian;Bulgarian;Macedonian;Finnish;Danish;Norwegian;Icelandic;Lithuanian;Hungarian;Slovak;Portuguese_European;Hindi;Thai;Croatian;Georgian;Greek;Serbian;Latvian
lu_controller_message_enable;Add;Добавить;Hinzufügen;Añadir;Přidat;Toevoegen;Ajouter;追加;추가;Dodaj;Adicionar;Ekle;Додати;添加;添加;Lägg till;Aggiungi;Adaugă;Добави;Додај;Lisää;Tilføj;Legg til;Bæta við;Pridėti;Hozzáad;Pridať;Adicionar;जोड़ें;เพิ่ม;Dodaj;დამატება;Προσθήκη;Dodaj;Pievienot
lu_controller_message_disable;Remove;Убрать;Entfernen;Eliminar;Odebrat;Verwijderen;Retirer;削除;제거;Usuń;Remover;Kaldır;Прибрати;移除;移除;Ta bort;Rimuovi;Elimină;Премахни;Отстрани;Poista;Fjern;Fjern;Fjarlægja;Pašalinti;Eltávolít;Odobrať;Remover;हटाएँ;ลบ;Ukloni;წაშლა;Αφαίρεση;Ukloni;Noņemt
lu_controller_message_switch;Switch;Переключить;Wechseln;Cambiar;Přepnout;Wisselen;Changer;切り替え;전환;Zmień;Trocar;Değiştir;Перемкнути;切换;切換;Växla;Cambia;Schimbă;Превключи;Префрли;Vaihda;Skift;Bytt;Skipta;Perjungti;Váltás;Prepnúť;Trocar;बदलें;สลับ;Promijeni;გადართვა;Αλλαγή;Promeni;Pārslēgt
lu_part_lantern_name;Lantern;Фонарь;Laterne;Linterna;Lucerna;Lantaarn;Lanterne;ランタン;랜턴;Lampa;Lanterna;Fener;Ліхтар;灯笼;燈籠;Lanterna;Lanterna;Felinar;Фенер;Фенер;Lyhty;Lanterne;Lykt;Ljósker;Žibintas;Lámpás;Lucerna;Lanterna;लालटेन;โคมไฟ;Fenjer;ფარანი;Φανάρι;Fenjer;Laterna
lu_part_lantern_enable;Hang;Повесить;Aufhängen;Colgar;Zavěsit;Ophangen;Accrocher;吊るす;걸기;Zawieś;Pendurar;As;Повісити;挂;掛;Häng upp;Appendi;Agață;Окачи;Закачи;Ripusta;Hæng op;Heng opp;Hengja upp;Pakabinti;Felakaszt;Zavesiť;Pendurar;लटकाएँ;แขวน;Objesi;დაკიდება;Κρέμασε;Okači;Pakārt
lu_part_lantern_disable;Remove;Снять;Entfernen;Quitar;Odebrat;Verwijderen;Retirer;外す;제거;Usuń;Remover;Kaldır;Зняти;移除;移除;Ta bort;Rimuovi;Elimină;Премахни;Отстрани;Poista;Fjern;Fjern;Fjarlægja;Pašalinti;Eltávolít;Odobrať;Remover;हटाएँ;ลบ;Ukloni;წაშლა;Αφαίρεση;Ukloni;Noņemt
lu_part_lantern_upgrade;Adds a lantern that lights the deck\nTogether, the lantern and awning provide a warm place to rest;Добавляет фонарь, освещающий палубу\nВместе фонарь и тент создают тёплое место для отдыха;Fügt eine Laterne hinzu, die das Deck beleuchtet\nLaterne und Markise schaffen gemeinsam einen warmen Rastplatz;Añade una linterna que ilumina la cubierta\nLa linterna y el toldo crean juntos un lugar cálido donde descansar;Přidává lucernu, která osvětluje palubu\nLucerna a přístřešek společně vytvářejí teplé místo k odpočinku;Voegt een lantaarn toe die het dek verlicht\nDe lantaarn en luifel vormen samen een warme rustplaats;Ajoute une lanterne qui éclaire le pont\nLa lanterne et l’auvent offrent ensemble un endroit chaleureux où se reposer;甲板を照らすランタンを追加します\nランタンと天幕がそろうと、暖かく休める場所になります;갑판을 밝히는 랜턴을 추가합니다\n랜턴과 차양이 함께 있으면 따뜻하게 쉴 수 있습니다;Dodaje lampę oświetlającą pokład\nLampa i zadaszenie tworzą razem ciepłe miejsce do odpoczynku;Adiciona uma lanterna que ilumina o convés\nA lanterna e o toldo criam juntos um lugar aquecido para descansar;Güverteyi aydınlatan bir fener ekler\nFener ve tente birlikte sıcak bir dinlenme yeri sağlar;Додає ліхтар, що освітлює палубу\nРазом ліхтар і тент створюють тепле місце для відпочинку;添加一盏照亮甲板的灯笼\n灯笼与遮篷齐备后，便有了一处温暖的休息之地;新增一盞照亮甲板的燈籠\n燈籠與遮篷齊備後，便有了一處溫暖的休息之地;Lägger till en lanterna som lyser upp däcket\nTillsammans skapar lanternan och markisen en varm plats att vila på;Aggiunge una lanterna che illumina il ponte\nLa lanterna e il tendalino creano insieme un luogo caldo in cui riposare;Adaugă un felinar care luminează puntea\nFelinarul și copertina creează împreună un loc cald de odihnă;Добавя фенер, който осветява палубата\nЗаедно фенерът и навесът създават топло място за почивка;Додава фенер што ја осветлува палубата\nФенерот и настрешницата заедно создаваат топло место за одмор;Lisää kannen valaisevan lyhdyn\nLyhty ja markiisi muodostavat yhdessä lämpimän lepopaikan;Tilføjer en lanterne, der lyser dækket op\nLanternen og markisen skaber tilsammen et varmt sted at hvile;Legger til en lykt som lyser opp dekket\nLykten og markisen skaper sammen et varmt sted å hvile;Bætir við ljóskeri sem lýsir upp þilfarið\nLjóskerið og skyggnið skapa saman hlýjan hvíldarstað;Prideda žibintą, kuris apšviečia denį\nŽibintas ir stogelis kartu sukuria šiltą vietą pailsėti;Hozzáad egy lámpást, amely megvilágítja a fedélzetet\nA lámpás és a napvitorla együtt meleg pihenőhelyet teremt;Pridáva lucernu, ktorá osvetľuje palubu\nLucerna a prístrešok spolu vytvárajú teplé miesto na odpočinok;Adiciona uma lanterna que ilumina o convés\nA lanterna e o toldo criam em conjunto um lugar quente para descansar;डेक को रोशन करने वाली लालटेन जोड़ता है\nलालटेन और छज्जा मिलकर आराम के लिए एक गर्म जगह बनाते हैं;เพิ่มโคมไฟที่ส่องสว่างทั่วดาดฟ้า\nโคมไฟและกันสาดร่วมกันสร้างที่พักอันอบอุ่น;Dodaje fenjer koji osvjetljava palubu\nFenjer i nadstrešnica zajedno stvaraju toplo mjesto za odmor;ამატებს ფარანს, რომელიც გემბანს ანათებს\nფარანი და ტენტი ერთად ქმნის თბილ ადგილს დასასვენებლად;Προσθέτει ένα φανάρι που φωτίζει το κατάστρωμα\nΤο φανάρι και η τέντα δημιουργούν μαζί ένα ζεστό μέρος για ανάπαυση;Dodaje fenjer koji osvetljava palubu\nFenjer i nadstrešnica zajedno stvaraju toplo mesto za odmor;Pievieno laternu, kas izgaismo klāju\nLaterna un nojume kopā rada siltu vietu atpūtai
lu_part_tent_name;Awning;Тент;Markise;Toldo;Přístřešek;Luifel;Auvent;天幕;차양;Zadaszenie;Toldo;Tente;Тент;遮篷;遮篷;Markis;Tendalino;Copertină;Навес;Настрешница;Markiisi;Markise;Markise;Skyggni;Stogelis;Napvitorla;Prístrešok;Toldo;छज्जा;กันสาด;Nadstrešnica;ტენტი;Τέντα;Nadstrešnica;Nojume
lu_part_tent_enable;Place;Разместить;Platzieren;Colocar;Umístit;Plaatsen;Placer;設置;설치;Postaw;Colocar;Yerleştir;Розмістити;放置;放置;Placera;Posiziona;Plasează;Постави;Постави;Aseta;Placer;Plasser;Setja;Pastatyti;Elhelyez;Umiestniť;Colocar;स्थापित करें;วาง;Postavi;განთავსება;Τοποθέτησε;Postavi;Novietot
lu_part_tent_disable;Remove;Убрать;Entfernen;Quitar;Odebrat;Verwijderen;Retirer;削除;제거;Usuń;Remover;Kaldır;Прибрати;移除;移除;Ta bort;Rimuovi;Elimină;Премахни;Отстрани;Poista;Fjern;Fjern;Fjarlægja;Pašalinti;Eltávolít;Odobrať;Remover;हटाएँ;ลบ;Ukloni;წაშლა;Αφαίρεση;Ukloni;Noņemt
lu_part_tent_switch;Change color;Изменить цвет;Farbe ändern;Cambiar color;Změnit barvu;Kleur wijzigen;Changer la couleur;色を変更;색상 변경;Zmień kolor;Alterar cor;Rengi değiştir;Змінити колір;更换颜色;更換顏色;Byt färg;Cambia colore;Schimbă culoarea;Смени цвета;Смени боја;Vaihda väri;Skift farve;Bytt farge;Skipta lit;Keisti spalvą;Színt vált;Zmeniť farbu;Mudar cor;रंग बदलें;เปลี่ยนสี;Promijeni boju;ფერის შეცვლა;Αλλαγή χρώματος;Promeni boju;Mainīt krāsu
lu_part_tent_upgrade;Adds an awning that shelters the deck from the elements\nAllows you to change its style;Добавляет тент, укрывающий от непогоды\nПозволяет менять его вид;Fügt eine Markise hinzu, die vor Wind und Wetter schützt\nErlaubt es, ihr Aussehen zu ändern;Añade un toldo que protege de la intemperie\nPermite cambiar su estilo;Přidává přístřešek chránící před nepřízní počasí\nUmožňuje měnit jeho vzhled;Voegt een luifel toe die beschutting biedt tegen weer en wind\nMaakt het mogelijk de stijl te wijzigen;Ajoute un auvent qui protège des intempéries\nPermet d’en changer le style;風雨をしのぐ天幕を追加します\n外観を変更できます;비바람을 막아 주는 차양을 추가합니다\n모양을 바꿀 수 있습니다;Dodaje zadaszenie chroniące przed niepogodą\nPozwala zmienić jego wygląd;Adiciona um toldo que protege das intempéries\nPermite mudar seu estilo;Hava koşullarından koruyan bir tente ekler\nGörünümünü değiştirmenizi sağlar;Додає тент, що захищає від негоди\nДозволяє змінювати його вигляд;添加一顶可遮风挡雨的遮篷\n可以更换其样式;新增一頂可遮風擋雨的遮篷\n可以更換其樣式;Lägger till en markis som skyddar mot väder och vind\nGör det möjligt att ändra dess utseende;Aggiunge un tendalino che ripara dalle intemperie\nConsente di cambiarne lo stile;Adaugă o copertină care apără de intemperii\nPermite schimbarea aspectului;Добавя навес, който пази от лошо време\nПозволява да променяте вида му;Додава настрешница што штити од невреме\nОвозможува промена на нејзиниот изглед;Lisää säältä suojaavan markiisin\nMahdollistaa sen ulkoasun vaihtamisen;Tilføjer en markise, der beskytter mod vind og vejr\nGør det muligt at ændre dens udseende;Legger til en markise som beskytter mot vær og vind\nGjør det mulig å endre utseendet;Bætir við skyggni sem ver gegn veðri og vindum\nGerir kleift að breyta útliti þess;Prideda stogelį, saugantį nuo vėjo ir lietaus\nLeidžia keisti jo išvaizdą;Az időjárástól védő napvitorlát ad hozzá\nLehetővé teszi a megjelenésének módosítását;Pridáva prístrešok, ktorý chráni pred nepriazňou počasia\nUmožňuje meniť jeho vzhľad;Adiciona um toldo que protege das intempéries\nPermite alterar o seu estilo;हवा और बारिश से बचाने वाला छज्जा जोड़ता है\nउसका रूप बदलने देता है;เพิ่มกันสาดที่ช่วยป้องกันลมฝน\nสามารถเปลี่ยนรูปแบบได้;Dodaje nadstrešnicu koja štiti od nevremena\nOmogućuje promjenu izgleda;ამატებს ტენტს, რომელიც ავდრისგან იცავს\nშესაძლებელს ხდის მისი იერსახის შეცვლას;Προσθέτει τέντα που προστατεύει από τις κακοκαιρίες\nΕπιτρέπει την αλλαγή της εμφάνισής της;Dodaje nadstrešnicu koja štiti od nevremena\nOmogućava promenu izgleda;Pievieno nojumi, kas pasargā no vēja un lietus\nĻauj mainīt tās izskatu
lu_part_mast_name;Mast;Мачта;Mast;Mástil;Stěžeň;Mast;Mât;マスト;돛대;Maszt;Mastro;Direk;Щогла;桅杆;桅杆;Mast;Albero;Catarg;Мачта;Јарбол;Masto;Mast;Mast;Mastri;Stiebas;Árbóc;Sťažeň;Mastro;मस्तूल;เสากระโดง;Jarbol;ანძა;Ιστός;Jarbol;Masts
lu_part_mast_enable;Raise;Поднять;Aufstellen;Montar;Vztyčit;Oprichten;Installer;立てる;세우기;Postaw;Colocar;Yükselt;Підняти;竖起;豎起;Res;Alza;Ridică;Вдигни;Подигни;Pystytä;Rejs;Reis;Reisa;Iškelti;Felállít;Vztyčiť;Içar;उठाएँ;ยกขึ้น;Podigni;აღმართვა;Σήκωσε;Podigni;Pacelt
lu_part_mast_disable;Remove;Убрать;Entfernen;Quitar;Odebrat;Verwijderen;Retirer;削除;제거;Usuń;Remover;Kaldır;Прибрати;移除;移除;Ta bort;Rimuovi;Elimină;Премахни;Отстрани;Poista;Fjern;Fjern;Fjarlægja;Pašalinti;Eltávolít;Odobrať;Remover;हटाएँ;ลบ;Ukloni;წაშლა;Αφαίρεση;Ukloni;Noņemt
lu_part_mast_upgrade;Adds a crossbeam for mounting the lantern and awning\nMakes the mast removable\nAllows you to change the sails' style;Добавляет поперечину для крепления фонаря и тента\nПозволяет снимать мачту\nПозволяет менять вид парусов;Fügt einen Querbalken zur Befestigung von Laterne und Markise hinzu\nMacht den Mast abnehmbar\nErlaubt es, das Aussehen der Segel zu ändern;Añade un travesaño para montar la linterna y el toldo\nPermite desmontar el mástil\nPermite cambiar el estilo de las velas;Přidává příčný nosník pro upevnění lucerny a přístřešku\nUmožňuje sejmout stěžeň\nUmožňuje měnit vzhled plachet;Voegt een dwarsbalk toe om de lantaarn en luifel te bevestigen\nMaakt de mast verwijderbaar\nMaakt het mogelijk de stijl van de zeilen te wijzigen;Ajoute une traverse pour fixer la lanterne et l’auvent\nRend le mât amovible\nPermet de changer le style des voiles;ランタンと天幕を取り付けるための横木を追加します\nマストを取り外せるようになります\n帆の外観を変更できます;랜턴과 차양을 달 수 있는 가로대를 추가합니다\n돛대를 분리할 수 있습니다\n돛의 모양을 바꿀 수 있습니다;Dodaje poprzeczną belkę do mocowania lampy i zadaszenia\nUmożliwia zdejmowanie masztu\nPozwala zmienić wygląd żagli;Adiciona uma viga transversal para prender a lanterna e o toldo\nTorna o mastro removível\nPermite mudar o estilo das velas;Feneri ve tenteyi bağlamak için bir travers ekler\nDireği sökülebilir hâle getirir\nYelkenlerin görünümünü değiştirmenizi sağlar;Додає поперечину для кріплення ліхтаря й тента\nДозволяє знімати щоглу\nДозволяє змінювати вигляд вітрил;添加一根用于安装灯笼和遮篷的横梁\n使桅杆可以拆卸\n可以更换船帆样式;新增一根用於安裝燈籠和遮篷的橫樑\n使桅杆可以拆卸\n可以更換船帆樣式;Lägger till en tvärbalk för att fästa lanternan och markisen\nGör masten avtagbar\nGör det möjligt att ändra seglens utseende;Aggiunge una traversa per fissare la lanterna e il tendalino\nRende l’albero rimovibile\nConsente di cambiare lo stile delle vele;Adaugă o traversă pentru prinderea felinarului și a copertinei\nFace catargul detașabil\nPermite schimbarea aspectului velelor;Добавя напречна греда за закрепване на фенера и навеса\nПрави мачтата подвижна\nПозволява да променяте вида на платната;Додава попречна греда за прицврстување на фенерот и настрешницата\nГо прави јарболот отстранлив\nОвозможува промена на изгледот на едрата;Lisää poikkipuun lyhdyn ja markiisin kiinnittämistä varten\nTekee mastosta irrotettavan\nMahdollistaa purjeiden ulkoasun vaihtamisen;Tilføjer en tværbjælke til montering af lanternen og markisen\nGør masten aftagelig\nGør det muligt at ændre sejlenes udseende;Legger til en tverrbjelke for å feste lykten og markisen\nGjør masten avtakbar\nGjør det mulig å endre seilenes utseende;Bætir við þverbita til að festa ljóskerið og skyggnið\nGerir mastrið aftakanlegt\nGerir kleift að breyta útliti seglanna;Prideda skersinę siją žibintui ir stogeliui pritvirtinti\nPadaro stiebą nuimamą\nLeidžia keisti burių išvaizdą;Keresztgerendát ad hozzá a lámpás és a napvitorla rögzítéséhez\nLeszerelhetővé teszi az árbócot\nLehetővé teszi a vitorlák megjelenésének módosítását;Pridáva priečny nosník na upevnenie lucerny a prístrešku\nUmožňuje odňať sťažeň\nUmožňuje meniť vzhľad plachiet;Adiciona uma viga transversal para fixar a lanterna e o toldo\nTorna o mastro amovível\nPermite alterar o estilo das velas;लालटेन और छज्जे को लगाने के लिए आड़ी बल्ली जोड़ता है\nमस्तूल को हटाने योग्य बनाता है\nपालों का रूप बदलने देता है;เพิ่มคานขวางสำหรับติดโคมไฟและกันสาด\nทำให้ถอดเสากระโดงได้\nสามารถเปลี่ยนรูปแบบใบเรือได้;Dodaje poprečnu gredu za pričvršćivanje fenjera i nadstrešnice\nOmogućuje uklanjanje jarbola\nOmogućuje promjenu izgleda jedara;ამატებს განივ ძელს ფარნისა და ტენტის დასამაგრებლად\nანძას მოსახსნელს ხდის\nშესაძლებელს ხდის იალქნების იერსახის შეცვლას;Προσθέτει εγκάρσια δοκό για τη στερέωση του φαναριού και της τέντας\nΚάνει τον ιστό αποσπώμενο\nΕπιτρέπει την αλλαγή της εμφάνισης των πανιών;Dodaje poprečnu gredu za pričvršćivanje fenjera i nadstrešnice\nOmogućava uklanjanje jarbola\nOmogućava promenu izgleda jedara;Pievieno šķērssiju laternas un nojumes piestiprināšanai\nPadara mastu noņemamu\nĻauj mainīt buru izskatu
lu_part_sail_name;Sail;Парус;Segel;Vela;Plachta;Zeil;Voile;帆;돛;Żagiel;Vela;Yelken;Вітрило;船帆;船帆;Segel;Vela;Velă;Платно;Едро;Purje;Sejl;Seil;Segl;Burė;Vitorla;Plachta;Vela;पाल;ใบเรือ;Jedro;იალქანი;Ιστίο;Jedro;Bura
lu_part_sail_switch;Change style;Изменить стиль;Stil ändern;Cambiar estilo;Změnit styl;Stijl wijzigen;Changer le style;スタイルを変更;스타일 변경;Zmień styl;Alterar estilo;Stili değiştir;Змінити стиль;更换样式;更換樣式;Ändra stil;Cambia stile;Schimbă stilul;Смени стила;Промени стил;Vaihda tyyli;Skift stil;Bytt stil;Breyta stíl;Keisti stilių;Stílus váltása;Zmeniť štýl;Mudar estilo;शैली बदलें;เปลี่ยนสไตล์;Promijeni stil;სტილის შეცვლა;Αλλαγή στυλ;Promeni stil;Mainīt stilu
lu_part_lamp_name;Lamp;Огонь;Licht;Lámpara;Oheň;Lamp;Lampe;ランプ;불;Lampa;Lâmpada;Ateş;Вогонь;提灯;提燈;Eld;Fuoco;Foc;Огън;Оган;Tuli;Ild;Ild;Eldur;Ugnis;Tűz;Oheň;Fogo;आग;ไฟ;Vatra;ცეცხლი;Φωτιά;Vatra;Uguns
lu_part_lamp_enable;Light;Зажечь;Anzünden;Encender;Zapálit;Aansteken;Allumer;点灯;점화;Zapal;Acender;Yak;Запалити;点亮;點亮;Tänd;Accendi;Aprinde;Запали;Запали;Sytytä;Tænd;Tenn;Kveikja;Uždegti;Gyújtsd meg;Zapáliť;Acender;जलाएँ;จุด;Zapali;ანთება;Άναψε;Upali;Aizdedzināt
lu_part_lamp_disable;Extinguish;Потушить;Löschen;Apagar;Uhasit;Doven;Éteindre;消す;끄기;Zgaś;Apagar;Söndür;Загасити;熄灭;熄滅;Släck;Spegni;Stinge;Загаси;Изгаси;Sammuta;Sluk;Slukk;Slökkva;Užgesinti;Oltsd el;Uhasiť;Apagar;बुझाएँ;ดับ;Ugasi;ჩაქრობა;Σβήσε;Ugasi;Nodzēst
lu_part_container_upgrade1;Expands storage width;Увеличивает ширину хранилища;Erweitert die Lagerbreite;Amplía el ancho de almacenamiento;Rozšiřuje šířku úložiště;Vergroot de opslagbreedte;Augmente la largeur du stockage;収納の幅を拡張します;보관함 너비를 확장합니다;Zwiększa szerokość magazynu;Expande a largura do armazenamento;Depolama genişliğini artırır;Збільшує ширину сховища;扩展存储宽度;擴展儲存寬度;Utökar lagrets bredd;Espande la larghezza del deposito;Extinde lățimea depozitului;Разширява ширината на склада;Ја зголемува ширината на складиштето;Laajentaa varaston leveyttä;Udvider lagerets bredde;Utvider lagerets bredde;Stækkar breidd geymslu;Išplečia saugyklos plotį;Növeli a tároló szélességét;Rozširuje šírku úložiska;Expande a largura do armazenamento;भंडारण की चौड़ाई बढ़ाता है;ขยายความกว้างของที่เก็บ;Proširuje širinu spremišta;ზრდის საცავის სიგანეს;Επεκτείνει το πλάτος αποθήκευσης;Proširuje širinu skladišta;Paplašina krātuves platumu
lu_part_container_upgrade2;Expands storage height;Увеличивает высоту хранилища;Erweitert die Lagerhöhe;Amplía la altura de almacenamiento;Rozšiřuje výšku úložiště;Vergroot de opslaghoogte;Augmente la hauteur du stockage;収納の高さを拡張します;보관함 높이를 확장합니다;Zwiększa wysokość magazynu;Expande a altura do armazenamento;Depolama yüksekliğini artırır;Збільшує висоту сховища;扩展存储高度;擴展儲存高度;Utökar lagrets höjd;Espande l’altezza del deposito;Extinde înălțimea depozitului;Разширява височината на склада;Ја зголемува висината на складиштето;Laajentaa varaston korkeutta;Udvider lagerets højde;Utvider lagerets høyde;Stækkar hæð geymslu;Išplečia saugyklos aukštį;Növeli a tároló magasságát;Rozširuje výšku úložiska;Expande a altura do armazenamento;भंडारण की ऊँचाई बढ़ाता है;ขยายความสูงของที่เก็บ;Proširuje visinu spremišta;ზრდის საცავის სიმაღლეს;Επεκτείνει το ύψος αποθήκευσης;Proširuje visinu skladišta;Paplašina krātuves augstumu
lu_part_hull_name;Hull;Корпус;Rumpf;Casco;Trup;Romp;Coque;船体;선체;Kadłub;Casco;Gövde;Корпус;船体;船體;Skrov;Scafo;Cocă;Корпус;Корпус;Runko;Skrog;Skrog;Skrokkur;Korpusas;Hajótest;Trup;Casco;जहाज़ का ढाँचा;ลำเรือ;Trup;კორპუსი;Κύτος;Trup;Korpuss
lu_part_hull_upgrade1;Increases durability\nAdds shields for extra protection\nAllows you to change the shields' style;Увеличивает прочность\nДобавляет щиты для дополнительной защиты\nПозволяет менять стиль щитов;Erhöht die Haltbarkeit\nFügt Schilde für zusätzlichen Schutz hinzu\nErlaubt das Ändern des Schildstils;Aumenta la durabilidad\nAgrega escudos para protección adicional\nPermite cambiar el estilo de los escudos;Zvyšuje odolnost\nPřidává štíty pro dodatečnou ochranu\nUmožňuje změnit styl štítů;Verhoogt de duurzaamheid\nVoegt schilden toe voor extra bescherming\nMaakt het mogelijk de schildstijl te wijzigen;Augmente la durabilité\nAjoute des boucliers pour une protection supplémentaire\nPermet de changer le style des boucliers;耐久力を増加\n追加防御としてシールドを追加\nシールドのスタイルを変更できます;내구도를 증가시킵니다\n추가 보호를 위한 방패를 추가합니다\n방패 스타일을 변경할 수 있습니다;Zwiększa wytrzymałość\nDodaje tarcze dla dodatkowej ochrony\nPozwala zmienić wygląd tarcz;Aumenta a durabilidade\nAdiciona escudos para proteção extra\nPermite alterar o estilo dos escudos;Dayanıklılığı artırır\nEk koruma için kalkanlar ekler\nKalkan stilini değiştirmenizi sağlar;Збільшує міцність\nДодає щити для додаткового захисту\nДозволяє змінювати стиль щитів;增加耐久度\n添加盾牌以提供额外防护\n允许更换盾牌样式;增加耐久度\n新增盾牌以提供額外防護\n允許更換盾牌樣式;Ökar hållbarheten\nLägger till sköldar för extra skydd\nGör det möjligt att ändra sköldarnas stil;Aumenta la durabilità\nAggiunge scudi per una protezione extra\nPermette di cambiare lo stile degli scudi;Crește durabilitatea\nAdaugă scuturi pentru protecție suplimentară\nPermite schimbarea stilului scuturilor;Увеличава издръжливостта\nДобавя щитове за допълнителна защита\nПозволява да смените стила на щитовете;Ја зголемува издржливоста\nДодава штитови за дополнителна заштита\nОвозможува промена на стилот на штитовите;Lisää kestävyyttä\nLisää kilpiä lisäsuojaksi\nMahdollistaa kilpien tyylin vaihtamisen;Øger holdbarheden\nTilføjer skjolde for ekstra beskyttelse\nGør det muligt at ændre skjoldenes stil;Øker holdbarheten\nLegger til skjold for ekstra beskyttelse\nGjør det mulig å endre skjoldstilen;Eykur endingu\nBætir við skjöldum fyrir aukna vernd\nGerir kleift að breyta stíl skjaldanna;Padidina patvarumą\nPrideda skydus papildomai apsaugai\nLeidžia keisti skydų stilių;Növeli a tartósságot\nPajzsokat ad hozzá extra védelemhez\nLehetővé teszi a pajzsok stílusának váltását;Zvyšuje odolnosť\nPridáva štíty pre dodatočnú ochranu\nUmožňuje zmeniť štýl štítov;Aumenta a durabilidade\nAdiciona escudos para proteção extra\nPermite alterar o estilo dos escudos;टिकाऊपन बढ़ाता है\nअतिरिक्त सुरक्षा के लिए ढालें जोड़ता है\nढालों की शैली बदलने देता है;เพิ่มความทนทาน\nเพิ่มโล่เพื่อการป้องกันเพิ่มเติม\nสามารถเปลี่ยนสไตล์โล่ได้;Povećava izdržljivost\nDodaje štitove za dodatnu zaštitu\nOmogućuje promjenu stila štitova;ზრდის გამძლეობას\nამატებს ფარებს დამატებითი დაცვისთვის\nსაშუალებას აძლევს ფარების სტილის შეცვლას;Αυξάνει την αντοχή\nΠροσθέτει ασπίδες για επιπλέον προστασία\nΕπιτρέπει αλλαγή στυλ ασπίδων;Povećava izdržljivost\nDodaje štitove za dodatnu zaštitu\nOmogućava promenu stila štitova;Palielina izturību\nPievieno vairogus papildu aizsardzībai\nĻauj mainīt vairogu stilu
lu_part_hull_upgrade2;Increases durability by $1;Увеличивает прочность на $1;Erhöht Haltbarkeit um $1;Aumenta la durabilidad en $1;Zvyšuje odolnost o $1;Verhoogt duurzaamheid met $1;Augmente la durabilité de $1;耐久力が $1 増加;내구도 $1 증가;Zwiększa wytrzymałość o $1;Aumenta a durabilidade em $1;Dayanıklılığı $1 artırır;Збільшує міцність на $1;增加$1点耐久度;增加 $1 點耐久度;Ökar hållbarheten med $1;Aumenta la durabilità di $1;Crește durabilitatea cu $1;Увеличава издръжливостта с $1;Ја зголемува издржливоста за $1;Lisää kestävyyttä $1;Øger holdbarheden med $1;Øker holdbarheten med $1;Eykur endingu um $1;Padidina patvarumą $1;Növeli a tartósságot $1 értékkel;Zvyšuje odolnosť o $1;Aumenta a durabilidade em $1;टिकाऊपन $1 बढ़ाता है;เพิ่มความทนทาน $1;Povećava izdržljivost za $1;ზრდის გამძლეობას $1-ით;Αυξάνει την αντοχή κατά $1;Povećava izdržljivost za $1;Palielina izturību par $1
lu_part_hull_upgrade2_ashlands;Protects the hull from the boiling seas of the Ashlands;Защищает корпус от кипящих вод Пепельных земель;Schützt den Schiffsrumpf vor den brodelnden Gewässern der Aschenlande;Protege el casco de las aguas hirvientes de Tierra de Ceniza;Chrání trup před vroucími vodami Země Popelu;Beschermt de romp tegen de kokende zee rond de Ashlands;Protège la coque des eaux bouillonnantes des Terres de cendres;灰の地の煮えたぎる海から船体を守ります;잿가루 지대의 끓는 바다로부터 선체를 보호합니다;Chroni kadłub przed wrzącymi wodami Ziem Popiołów;Protege o casco das águas ferventes das Terras Cinzentas;Gövdeyi Kül Diyarı'nın kaynayan sularından korur;Захищає корпус від киплячих вод Попелистих земель;保护船体免受灰烬之地沸腾海水的侵蚀;保護船體免受灰燼之地沸騰海水的侵蝕;Skyddar skrovet mot Asklands kokande hav;Protegge lo scafo dalle acque bollenti delle Lande desolate;Protejează coca de apele clocotite ale Tărâmurilor de cenușă;Пази корпуса от врящите води на Пепелището;Го штити корпусот од зовриените води на Пепелните земји;Suojaa runkoa Tuhkamaiden kiehuvilta vesiltä;Beskytter skroget mod Askelands kogende farvande;Beskytter skroget mot Askelands kokende farvann;Verndar skrokkinn gegn sjóðandi höfum Asklands;Saugo korpusą nuo verdančių Pelenžemių vandenų;Megvédi a hajótestet Hamuvidék forrongó vizeitől;Chráni trup pred vriacimi vodami Popolavých zemí;Protege o casco das águas ferventes das Terras de Cinza;जहाज़ के ढाँचे को राख की भूमि के उबलते समुद्र से बचाता है;ปกป้องลำเรือจากทะเลเดือดแห่งดินแดนเถ้าถ่าน;Štiti trup od kipućih voda Zemalja pepela;იცავს კორპუსს ფერფლის მიწების მდუღარე წყლებისგან;Προστατεύει το κύτος από τις βραστές θάλασσες των Χωρών της Στάχτης;Štiti trup od ključalih voda Zemalja pepela;Aizsargā korpusu no Pīšļulauku verdošajiem ūdeņiem
lu_part_shields_name;Shields;Щиты;Schilde;Escudos;Štíty;Schilden;Boucliers;シールド;방패;Tarcze;Escudos;Kalkanlar;Щити;盾牌;盾牌;Sköldar;Scudi;Scuturi;Щитове;Штитови;Kilvet;Skjolde;Skjold;Skildir;Skydai;Pajzsok;Štíty;Escudos;ढालें;โล่;Štitovi;ფარები;Ασπίδες;Štitovi;Vairogi
lu_part_shields_switch;Change style;Изменить стиль;Stil ändern;Cambiar estilo;Změnit styl;Stijl wijzigen;Changer le style;スタイルを変更;스타일 변경;Zmień styl;Alterar estilo;Stili değiştir;Змінити стиль;更换样式;更換樣式;Ändra stil;Cambia stile;Schimbă stilul;Смени стила;Промени стил;Vaihda tyyli;Skift stil;Bytt stil;Breyta stíl;Keisti stilių;Stílus váltása;Zmeniť štýl;Mudar estilo;शैली बदलें;เปลี่ยนสไตล์;Promijeni stil;სტილის შეცვლა;Αλλαγή στυλ;Promeni stil;Mainīt stilu
lu_part_head_name;Figurehead;Носовая фигура;Galionsfigur;Figura de proa;Příďová figura;Boegbeeld;Figure de proue;船首像;선수상;Figura dziobowa;Figura de proa;Pruva figürü;Носова фігура;船首像;船首像;Galjonsfigur;Polena;Figurină de prova;Фигура на носа;Носна фигура;Keulakuva;Gallionsfigur;Gallionsfigur;Galjón;Laivapriekio figūra;Hajóorrdísz;Figúra na prove;Figura de proa;जहाज़ की अग्रप्रतिमा;รูปสลักหัวเรือ;Pramčana figura;გემის ცხვირის ფიგურა;Ακρόπρωρο;Pramčana figura;Priekšgala figūra
lu_part_head_switch;Change style;Изменить стиль;Stil ändern;Cambiar estilo;Změnit styl;Stijl wijzigen;Changer le style;スタイルを変更;스타일 변경;Zmień styl;Alterar estilo;Stili değiştir;Змінити стиль;更换样式;更換樣式;Ändra stil;Cambia stile;Schimbă stilul;Смени стила;Промени стил;Vaihda tyyli;Skift stil;Bytt stil;Breyta stíl;Keisti stilių;Stílus váltása;Zmeniť štýl;Mudar estilo;शैली बदलें;เปลี่ยนสไตล์;Promijeni stil;სტილის შეცვლა;Αλλαγή στυλ;Promeni stil;Mainīt stilu
lu_part_turrets_name;Turrets;Баллисты;Geschütztürme;Torretas;Věže;Torens;Tourelles;砲塔;포탑;Wieżyczki;Torres;Taretler;Балісти;炮塔;砲塔;Torn;Torrette;Turele;Кули;Кули;Tornit;Tårne;Tårn;Turnar;Bokšteliai;Tornyok;Veže;Torretas;बुर्ज;ป้อมปืน;Tornjevi;კოშკები;Πυργίσκοι;Tornjevi;Torņi
lu_part_turrets_enable;Activate;Активировать;Aktivieren;Activar;Aktivovat;Activeren;Activer;有効にする;활성화;Aktywuj;Ativar;Etkinleştir;Активувати;激活;啟用;Aktivera;Attiva;Activează;Активирай;Активирај;Aktivoi;Aktivér;Aktiver;Virkja;Aktyvuoti;Aktivál;Aktivovať;Ativar;सक्रिय करें;เปิดใช้งาน;Aktiviraj;გააქტიურება;Ενεργοποίησε;Aktiviraj;Aktivizēt
lu_part_turrets_disable;Deactivate;Деактивировать;Deaktivieren;Desactivar;Deaktivovat;Deactiveren;Désactiver;無効にする;비활성화;Dezaktywuj;Desativar;Devre dışı bırak;Деактивувати;停用;停用;Inaktivera;Disattiva;Dezactivează;Деактивирай;Деактивирај;Poista käytöstä;Deaktivér;Deaktiver;Afvirkja;Deaktyvuoti;Deaktivál;Deaktivovať;Desativar;निष्क्रिय करें;ปิดใช้งาน;Deaktiviraj;გამორთვა;Απενεργοποίησε;Deaktiviraj;Deaktivizēt
lu_part_turrets_upgrade;Adds a pair of mini-turrets that fire bolts at enemies;Добавляет пару мини-баллист, стреляющих по врагам болтами;Fügt ein Paar Mini-Geschütze hinzu, die Bolzen auf Feinde abfeuern;Añade un par de minitorretas que disparan virotes a los enemigos;Přidává dvojici minivěží, které střílejí šipky po nepřátelích;Voegt een paar minigeschutstorens toe die kruisboogbouten op vijanden afvuren;Ajoute deux mini-tourelles qui tirent des carreaux sur les ennemis;敵にボルトを発射するミニ砲塔を2基追加します;적에게 볼트를 발사하는 미니 포탑 한 쌍을 추가합니다;Dodaje parę mini-wieżyczek strzelających bełtami w przeciwników;Adiciona um par de minitorres que disparam virotes nos inimigos;Düşmanlara arbalet okları atan bir çift mini taret ekler;Додає пару міні-баліст, що стріляють по ворогах болтами;添加一对向敌人发射弩箭的微型炮塔;新增一對向敵人發射弩箭的微型砲塔;Lägger till ett par minitorn som avfyrar armborstpilar mot fiender;Aggiunge una coppia di mini-torrette che sparano dardi ai nemici;Adaugă o pereche de mini-turele care trag proiectile în inamici;Добавя двойка мини-кули, които изстрелват арбалетни стрели по враговете;Додава пар мини-кули што истрелуваат самострелски стрели кон непријателите;Lisää kaksi pientä tykkitornia, jotka ampuvat vasamia vihollisia kohti;Tilføjer et par minitårne, der affyrer bolte mod fjender;Legger til et par minitårn som skyter armbrøstbolter mot fiender;Bætir við tveimur litlum turnum sem skjóta lásbogaörvum á óvini;Prideda porą mažų bokštelių, kurie šaudo arbaleto strėlėmis į priešus;Hozzáad egy pár minilövegtornyot, amelyek vesszőket lőnek az ellenségre;Pridáva pár miniveží, ktoré strieľajú šípy do kuše na nepriateľov;Adiciona um par de mini-torretas que disparam virotes nos inimigos;दुश्मनों पर क्रॉसबो के तीर चलाने वाले दो छोटे बुर्ज जोड़ता है;เพิ่มป้อมปืนขนาดเล็กสองป้อมที่ยิงลูกศรหน้าไม้ใส่ศัตรู;Dodaje dvije male kupole koje ispaljuju samostrelske strijele na neprijatelje;ამატებს ორ მცირე კოშკურას, რომლებიც მტრებს არბალეტის ისრებს ესვრიან;Προσθέτει δύο μικρούς πυργίσκους που εκτοξεύουν βλήματα βαλλίστρας στους εχθρούς;Dodaje dve male kupole koje ispaljuju samostrelske strele na neprijatelje;Pievieno divus nelielus torņus, kas šauj arbaleta bultas uz ienaidniekiem
lu_controller_message_unknownupgrade;Unknown upgrade;Неизвестное улучшение;Unbekanntes Upgrade;Mejora desconocida;Neznámé vylepšení;Onbekende upgrade;Amélioration inconnue;不明なアップグレード;알 수 없는 업그레이드;Nieznane ulepszenie;Melhoria desconhecida;Bilinmeyen yükseltme;Невідоме покращення;未知升级;未知升級;Okänd uppgradering;Potenziamento sconosciuto;Îmbunătățire necunoscută;Неизвестно подобрение;Непознато подобрување;Tuntematon parannus;Ukendt opgradering;Ukjent oppgradering;Óþekkt uppfærsla;Nežinomas patobulinimas;Ismeretlen fejlesztés;Neznáme vylepšenie;Melhoria desconhecida;अज्ञात उन्नयन;การอัปเกรดที่ไม่รู้จัก;Nepoznato poboljšanje;უცნობი გაუმჯობესება;Άγνωστη αναβάθμιση;Nepoznato unapređenje;Nezināms uzlabojums
lu_controller_message_unknownitem;Unknown item;Неизвестный предмет;Unbekannter Gegenstand;Objeto desconocido;Neznámý předmět;Onbekend voorwerp;Objet inconnu;不明なアイテム;알 수 없는 아이템;Nieznany przedmiot;Item desconhecido;Bilinmeyen öğe;Невідомий предмет;未知物品;未知物品;Okänt föremål;Oggetto sconosciuto;Obiect necunoscut;Неизвестен предмет;Непознат предмет;Tuntematon esine;Ukendt genstand;Ukjent gjenstand;Óþekktur hlutur;Nežinomas daiktas;Ismeretlen tárgy;Neznámy predmet;Item desconhecido;अज्ञात वस्तु;ไอเทมที่ไม่รู้จัก;Nepoznati predmet;უცნობი ნივთი;Άγνωστο αντικείμενο;Nepoznat predmet;Nezināms priekšmets
lu_box_name;Box;Ящик;Kiste;Caja;Bedna;Kist;Caisse;箱;상자;Skrzynia;Caixa;Kutu;Ящик;箱子;箱子;Låda;Cassa;Cutie;Кутия;Кутија;Laatikko;Kasse;Kasse;Kassi;Dėžė;Láda;Debna;Caixa;डिब्बा;กล่อง;Kutija;ყუთი;Κουτί;Kutija;Kaste
lu_box_climb;Climb;Залезть;Klettern;Escalar;Vylézt;Beklimmen;Grimper;登る;오르기;Wspinaj się;Escalar;Tırman;Видряпатися;攀爬;攀爬;Klättra;Arrampicati;Cațără-te;Изкачи се;Искачи се;Kiipeä;Klatr;Klatre;Klifra;Užlipti;Mássz fel;Vyliezť;Escalar;चढ़ें;ปีน;Popni se;აცოცება;Σκαρφάλωσε;Popni se;Uzkāpt
lu_part_wisp_upgrade;Mounts the Wisplight atop the mast;Устанавливает «Свет светлячка» на вершине мачты;Befestigt das Irrlicht oben am Mast;Coloca la Luz de Wisp en lo alto del mástil;Připevní Bludné světélko na vrchol stěžně;Bevestigt de Wisplight boven op de mast;Fixe la Lumière de feu-follet au sommet du mât;ウィスプライトをマストの頂上に取り付けます;위습등을 돛대 꼭대기에 설치합니다;Mocuje Światełko ognika na szczycie masztu;Instala a Luz de Wisp no topo do mastro;Peri Işığı'nı direğin tepesine yerleştirir;Встановлює Світлячок на вершину щогли;将冥火之光安装在桅杆顶端;將幽光安裝在桅杆頂端;Fäster ett Lysande irrbloss högst upp på masten;Monta il Fuoco fatuo in cima all’albero;Montează Lumina de Wisp în vârful catargului;Монтира блуждаещата светлина на върха на мачтата;Ја поставува светлечката на врвот на јарболот;Kiinnittää virvatulen maston huipulle;Monterer lygtemandslyset øverst på masten;Fester lyktemannen på toppen av masten;Festir ljómaluktina efst á mastrið;Pritvirtina Sielos šviesą stiebo viršuje;A Tündérfényt az árbóc tetejére rögzíti;Upevní bludičku na vrchol sťažňa;Monta o fogo-fátuo no topo do mastro;भटकती रोशनी को मस्तूल के शीर्ष पर लगाता है;ติดตั้งภูติแสงนำทางไว้บนยอดเสากระโดง;Postavlja svjetlucavca na vrh jarbola;მოციმციმე შუქს ანძის წვერზე ამაგრებს;Τοποθετεί το φωτεινό πνεύμα στην κορυφή του ιστού;Postavlja ognjika na vrh jarbola;Piestiprina kvēlojošo gaismu masta galā
lu_part_wisp_name;Wisplight;Свет светлячка;Irrlicht;Luz de Wisp;Bludné světélko;Wisplight;Lumière de feu-follet;ウィスプライト;위습등;Światełko ognika;Luz de Wisp;Peri Işığı;Світлячок;冥火之光;幽光;Lysande irrbloss;Fuoco fatuo;Lumină de Wisp;Блуждаеща светлина;Светлечка;Virvatuli;Lygtemandslys;Lyktemann;Ljómalukt;Sielos šviesa;Tündérfény;Bludička;Fogo-fátuo;भटकती रोशनी;ภูติแสงนำทาง;Svjetlucavac;მოციმციმე შუქი;Φωτεινό πνεύμα;Ognjik;Kvēlojoša gaisma
lu_part_maptable_name;Small Cartography Table;Небольшой стол картографа;Kleiner Kartografietisch;Mesa pequeña de cartografía;Malý kartografický stůl;Kleine cartografietafel;Petite table de cartographie;小型地図製作テーブル;소형 지도 제작 테이블;Mały stół kartograficzny;Mesa pequena de cartografia;Küçük haritacılık masası;Невеликий стіл мапознавця;小型制图台;小型製圖桌;Litet kartografibord;Piccolo tavolo per la cartografia;Masă mică de cartografie;Малка картографска маса;Мала картографска маса;Pieni karttapöytä;Lille kartografibord;Lite kartografibord;Lítil kortagerðarstöð;Mažas kartografijos stalas;Kis térképészasztal;Malý kartografický stôl;Pequena mesa de cartografia;छोटी मानचित्रण मेज़;โต๊ะแผนที่ขนาดเล็ก;Mali kartografski stol;პატარა კარტოგრაფიის მაგიდა;Μικρό τραπέζι χαρτογράφησης;Mali kartografski sto;Mazs kartogrāfijas galds
lu_part_maptable_upgrade;With this table, you can record and share your explorations of the tenth world.;За этим столом можно записывать и делиться своими открытиями в десятом мире.;Mit diesem Tisch kannst du deine Erkundungen der zehnten Welt aufzeichnen und teilen.;Con esta mesa puedes registrar y compartir tus exploraciones del décimo mundo.;U tohoto stolu můžeš zaznamenávat a sdílet své objevy z desátého světa.;Met deze tafel kun je je verkenningen van de tiende wereld vastleggen en delen.;Avec cette table, tu peux consigner et partager tes explorations du dixième monde.;このテーブルで、第十世界での探索を記録し共有できます。;이 탁자에서 열 번째 세계의 탐험을 기록하고 공유할 수 있습니다.;Przy tym stole możesz zapisywać i udostępniać swoje odkrycia Dziesiątego Świata.;Com esta mesa, você pode registrar e compartilhar suas explorações do décimo mundo.;Bu masa ile onuncu dünyadaki keşiflerini kaydedip paylaşabilirsin.;За цим столом можна записувати й ділитися своїми відкриттями у десятому світі.;你可以在此记录并分享你在第十世界的探索。;你可以在此記錄並分享你在第十世界的探索。;Med detta bord kan du anteckna och dela dina upptäckter i den tionde världen.;Con questo tavolo puoi registrare e condividere le tue esplorazioni del decimo mondo.;Cu această masă poți nota și împărtăși explorările tale din a zecea lume.;На тази маса можеш да записваш и споделяш откритията си в десетия свят.;Со оваа маса можеш да ги запишуваш и споделуваш твоите истражувања на десеттиот свет.;Tämän pöydän avulla voit kirjata ja jakaa tutkimusretkesi kymmenennessä maailmassa.;Med dette bord kan du registrere og dele dine udforskninger af den tiende verden.;Med dette bordet kan du registrere og dele dine utforskninger av den tiende verden.;Með þessu borði geturðu skráð og deilt könnunum þínum á tíunda heiminum.;Prie šio stalo gali užrašyti ir dalintis savo tyrinėjimais dešimtajame pasaulyje.;Ezzel az asztallal rögzítheted és megoszthatod a tizedik világ felfedezéseit.;Pri tomto stole môžeš zapisovať a zdieľať svoje prieskumy desiateho sveta.;Com esta mesa podes registar e partilhar as tuas explorações do décimo mundo.;इस मेज़ पर आप दसवीं दुनिया की अपनी खोजों को दर्ज कर और साझा कर सकते हैं।;ด้วยโต๊ะนี้ คุณสามารถบันทึกและแบ่งปันการสำรวจของคุณในโลกที่สิบได้;Za ovim stolom možeš zapisivati i dijeliti svoja istraživanja desetog svijeta.;ამ მაგიდასთან შეგიძლია ჩაიწერო და გაუზიარო სხვებს შენი კვლევები მეათე სამყაროში.;Με αυτό το τραπέζι μπορείς να καταγράφεις και να μοιράζεσαι τις εξερευνήσεις σου στον δέκατο κόσμο.;Za ovim stolom možeš da beležiš i deliš svoja istraživanja desetog sveta.;Pie šī galda vari pierakstīt un dalīties ar saviem atklājumiem desmitajā pasaulē.
